,database,label,indicators#,nodes#,avgLabelProp,time_Cardinalities,time_indicators,time_Partition
0,airports,Airport,24,3837,4.096648480124723,3.028394937515259,5.933471918106079,1.6163341999053955
1,airports,Country,23,111,17.52610441767068,3.028394937515259,1.6055386066436768,0.21552801132202148
2,recommendations,Actor,4,7202,0.0,3.852203130722046,5.222723007202148,5.359580039978027
3,recommendations,Movie,9,4143,5.088219178082177,3.852203130722046,3.134660005569458,2.059607744216919
4,icijleaks,Intermediary,5,26768,1.0,3897.980934858322,92.34598398208618,38.6030969619751
